cell_number,state,temperature_C,cycle_number,Ro,capacity,SOH
1,VI,25,1,0.23799,0.0,
1,VI,25,2,2.18692,1.0,inf
1,VI,25,3,1.91474,1.0,inf
1,VI,25,4,3.27426,1.0,inf
1,VI,25,5,2.22005,1.0,inf
1,VI,25,6,2.19796,1.0,inf
1,VI,25,7,2.61541,1.0,inf
1,VI,25,8,-0.03422,1.0,inf
1,VI,25,9,3.34272,1.0,inf
1,VI,25,10,1.86164,1.0,inf
1,VI,25,11,0.15497,1.0,inf
1,VI,25,12,2.50527,1.0,inf
1,VI,25,13,2.81356,1.0,inf
1,VI,25,14,1.75839,1.0,inf
1,VI,25,15,2.98678,1.0,inf
1,VI,25,16,2.36836,1.0,inf
1,VI,25,17,2.49818,1.0,inf
1,VI,25,18,2.09271,1.0,inf
1,VI,25,19,3.21103,1.0,inf
1,VI,25,20,2.25594,1.0,inf
1,VI,25,21,2.26005,1.0,inf
1,VI,25,22,1.39539,0.0,
1,VI,25,23,-0.04716,1.0,inf
1,VI,25,24,-0.08743,1.0,inf
1,VI,25,25,-0.03158,1.0,inf
1,VI,25,26,2.73311,1.0,inf
1,VI,25,27,-0.17731,1.0,inf
1,VI,25,28,0.45706,1.0,inf
1,VI,25,29,1.68655,1.0,inf
1,VI,25,30,2.20558,1.0,inf
1,VI,25,31,1.76696,1.0,inf
1,VI,25,32,3.37963,1.0,inf
1,VI,25,33,-0.17573,1.0,inf
1,VI,25,34,2.72609,1.0,inf
1,VI,25,35,3.36725,1.0,inf
1,VI,25,36,-0.20544,1.0,inf
1,VI,25,37,1.44749,1.0,inf
1,VI,25,38,0.16971,1.0,inf
1,VI,25,39,2.61484,1.0,inf
1,VI,25,40,0.11938,1.0,inf
1,VI,25,41,2.56401,1.0,inf
1,VI,25,42,0.26603,1.0,inf
1,VI,25,43,1.63665,1.0,inf
1,VI,25,44,3.20811,1.0,inf
1,VI,25,45,2.41373,1.0,inf
1,VI,25,46,1.36787,1.0,inf
1,VI,25,47,2.03095,1.0,inf
1,VI,25,48,-0.12953,1.0,inf
1,VI,25,49,0.4295,1.0,inf
1,VI,25,50,-0.19006,1.0,inf
1,VI,25,51,3.43131,1.0,inf
1,VI,25,52,1.34493,1.0,inf
1,VI,25,53,0.47357,1.0,inf
1,VI,25,54,2.22542,1.0,inf
1,VI,25,55,2.80799,1.0,inf
1,VI,25,56,0.3792,1.0,inf
1,VI,25,57,2.57573,1.0,inf
1,VI,25,58,0.05847,1.0,inf
1,VI,25,59,2.29845,1.0,inf
1,VI,25,60,2.98009,1.0,inf
1,VI,25,61,2.65995,1.0,inf
1,VI,25,62,3.10304,1.0,inf
1,VI,25,63,3.16837,1.0,inf
1,VI,25,64,3.33458,1.0,inf
1,VI,25,65,-0.0077,1.0,inf
1,VI,25,66,1.01635,1.0,inf
1,VI,25,67,0.53545,1.0,inf
1,VI,25,68,1.28581,1.0,inf
1,VI,25,69,2.34401,1.0,inf
1,VI,25,70,1.56238,1.0,inf
1,VI,25,71,3.37756,1.0,inf
1,VI,25,72,2.33634,1.0,inf
1,VI,25,73,3.45767,1.0,inf
1,VI,25,74,2.25814,1.0,inf
1,VI,25,75,1.71782,1.0,inf
1,VI,25,76,3.34859,1.0,inf
1,VI,25,77,2.55314,1.0,inf
1,VI,25,78,-0.11494,1.0,inf
1,VI,25,79,1.01443,1.0,inf
1,VI,25,80,0.49157,1.0,inf
1,VI,25,81,2.9222,1.0,inf
1,VI,25,82,0.78437,1.0,inf
1,VI,25,83,1.36673,1.0,inf
1,VI,25,84,2.22532,1.0,inf
1,VI,25,85,2.74369,1.0,inf
1,VI,25,86,-0.11874,1.0,inf
1,VI,25,87,0.85221,1.0,inf
1,VI,25,88,0.3842,1.0,inf
1,VI,25,89,1.25134,1.0,inf
1,VI,25,90,-0.13909,1.0,inf
1,VI,25,91,0.35719,1.0,inf
1,VI,25,92,3.07079,1.0,inf
1,VI,25,93,3.63423,1.0,inf
1,VI,25,94,-0.08241,1.0,inf
1,VI,25,95,2.95929,1.0,inf
1,VI,25,96,3.14519,1.0,inf
1,VI,25,97,2.68989,1.0,inf
1,VI,25,98,3.54095,1.0,inf
1,VI,25,99,-0.0662,1.0,inf
1,VI,25,100,3.15798,1.0,inf
1,VI,25,101,3.21523,1.0,inf
1,VI,25,102,3.56633,1.0,inf
1,VI,25,103,0.2132,1.0,inf
1,VI,25,104,2.00147,1.0,inf
1,VI,25,105,2.91145,1.0,inf
1,VI,25,106,2.83501,1.0,inf
1,VI,25,107,1.38465,1.0,inf
1,VI,25,108,2.15235,1.0,inf
1,VI,25,109,2.0661,1.0,inf
1,VI,25,110,3.16408,1.0,inf
1,VI,25,111,2.6018,1.0,inf
1,VI,25,112,0.4439,1.0,inf
1,VI,25,113,0.3604,1.0,inf
1,VI,25,114,3.79846,1.0,inf
1,VI,25,115,3.05524,1.0,inf
1,VI,25,116,0.76373,1.0,inf
1,VI,25,117,2.82716,1.0,inf
1,VI,25,118,1.5834,1.0,inf
1,VI,25,119,3.46301,1.0,inf
1,VI,25,120,3.46833,1.0,inf
1,VI,25,121,1.97312,1.0,inf
1,VI,25,122,0.81537,1.0,inf
1,VI,25,123,2.44907,1.0,inf
1,VI,25,124,0.64639,1.0,inf
1,VI,25,125,-0.00884,1.0,inf
1,VI,25,126,3.52955,1.0,inf
1,VI,25,127,2.12942,1.0,inf
1,VI,25,128,1.78349,1.0,inf
1,VI,25,129,2.29595,1.0,inf
1,VI,25,130,3.2582,1.0,inf
1,VI,25,131,3.58284,1.0,inf
1,VI,25,132,2.31214,1.0,inf
1,VI,25,133,3.29505,1.0,inf
1,VI,25,134,0.47742,1.0,inf
1,VI,25,135,2.76273,1.0,inf
1,VI,25,136,3.83126,1.0,inf
1,VI,25,137,3.29394,1.0,inf
1,VI,25,138,2.03886,1.0,inf
1,VI,25,139,2.05343,1.0,inf
1,VI,25,140,3.5859,1.0,inf
1,VI,25,141,3.42065,1.0,inf
1,VI,25,142,4.13446,1.0,inf
1,VI,25,143,2.41801,1.0,inf
1,VI,25,144,0.20401,1.0,inf
1,VI,25,145,2.27342,1.0,inf
1,VI,25,146,2.3647,1.0,inf
1,VI,25,147,0.29119,1.0,inf
1,VI,25,148,4.19129,1.0,inf
1,VI,25,149,4.22249,1.0,inf
1,VI,25,150,1.37983,1.0,inf
1,VI,25,151,3.62138,1.0,inf
1,VI,25,152,0.78919,1.0,inf
1,VI,25,153,3.10151,1.0,inf
1,VI,25,154,0.40566,1.0,inf
1,VI,25,155,0.64495,1.0,inf
1,VI,25,156,1.21941,1.0,inf
1,VI,25,157,0.32154,1.0,inf
1,VI,25,158,0.7824,1.0,inf
1,VI,25,159,0.73042,1.0,inf
1,VI,25,160,0.38085,1.0,inf
1,VI,25,161,1.13779,1.0,inf
1,VI,25,162,3.47005,1.0,inf
1,VI,25,163,1.19332,1.0,inf
1,VI,25,164,3.14307,1.0,inf
1,VI,25,165,4.04613,1.0,inf
1,VI,25,166,4.33531,1.0,inf
1,VI,25,167,0.85369,1.0,inf
1,VI,25,168,1.21492,1.0,inf
1,VI,25,169,0.30264,1.0,inf
1,VI,25,170,2.72799,1.0,inf
1,VI,25,171,4.29243,1.0,inf
1,VI,25,172,0.69812,1.0,inf
1,VI,25,173,2.70395,1.0,inf
1,VI,25,174,0.39194,1.0,inf
1,VI,25,175,4.41672,1.0,inf
1,VI,25,176,4.48421,1.0,inf
1,VI,25,177,4.16105,1.0,inf
1,VI,25,178,2.62373,1.0,inf
1,VI,25,179,3.46008,1.0,inf
1,VI,25,180,2.82703,1.0,inf
1,VI,25,181,1.25053,1.0,inf
1,VI,25,182,3.95014,1.0,inf
1,VI,25,183,4.54224,1.0,inf
1,VI,25,184,1.08624,1.0,inf
1,VI,25,185,2.40843,1.0,inf
1,VI,25,186,3.90329,1.0,inf
1,VI,25,187,4.60754,1.0,inf
1,VI,25,188,4.34155,1.0,inf
1,VI,25,189,0.32274,1.0,inf
1,VI,25,190,0.86896,1.0,inf
1,VI,25,191,1.44475,1.0,inf
1,VI,25,192,2.79376,1.0,inf
1,VI,25,193,0.76648,1.0,inf
1,VI,25,194,0.43058,1.0,inf
1,VI,25,195,0.35635,1.0,inf
1,VI,25,196,4.61177,1.0,inf
1,VI,25,197,2.88429,1.0,inf
1,VI,25,198,2.33591,1.0,inf
1,VI,25,199,1.45015,1.0,inf
1,VI,25,200,3.88452,1.0,inf
1,VI,25,201,3.17608,1.0,inf
1,VI,25,202,5.15454,1.0,inf
1,VI,25,203,3.57901,1.0,inf
1,VI,25,204,0.52194,1.0,inf
1,VI,25,205,1.3346,1.0,inf
1,VI,25,206,1.54313,1.0,inf
1,VI,25,207,3.94709,1.0,inf
1,VI,25,208,5.07977,1.0,inf
1,VI,25,209,4.29425,1.0,inf
1,VI,25,210,5.6005,1.0,inf
1,VI,25,211,3.59134,1.0,inf
1,VI,25,212,1.29437,1.0,inf
1,VI,25,213,5.63278,1.0,inf
1,VI,25,214,2.45437,1.0,inf
1,VI,25,215,2.36269,1.0,inf
1,VI,25,216,4.81945,1.0,inf
1,VI,25,217,2.87432,1.0,inf
1,VI,25,218,4.35356,1.0,inf
1,VI,25,219,5.66925,1.0,inf
1,VI,25,220,5.91652,1.0,inf
1,VI,25,221,4.72939,1.0,inf
1,VI,25,222,5.6357,1.0,inf
1,VI,25,223,4.28889,1.0,inf
1,VI,25,224,4.47602,1.0,inf
1,VI,25,225,4.18861,1.0,inf
1,VI,25,226,4.51049,1.0,inf
1,VI,25,227,3.09473,1.0,inf
1,VI,25,228,1.48737,1.0,inf
1,VI,25,229,2.79302,1.0,inf
1,VI,25,230,4.33342,1.0,inf
1,VI,25,231,5.0671,1.0,inf
1,VI,25,232,1.24606,1.0,inf
1,VI,25,233,6.40441,1.0,inf
1,VI,25,234,6.67584,1.0,inf
1,VI,25,235,3.70587,1.0,inf
1,VI,25,236,6.87391,1.0,inf
1,VI,25,237,6.81023,1.0,inf
1,VI,25,238,4.77543,1.0,inf
1,VI,25,239,1.06135,1.0,inf
1,VI,25,240,2.17761,1.0,inf
1,VI,25,241,0.86824,1.0,inf
1,VI,25,242,4.985,1.0,inf
1,VI,25,243,2.15351,1.0,inf
1,VI,25,244,7.16342,1.0,inf
1,VI,25,245,3.46431,1.0,inf
1,VI,25,246,6.98825,1.0,inf
1,VI,25,247,7.26189,1.0,inf
1,VI,25,248,6.52567,1.0,inf
1,VI,25,249,0.74407,1.0,inf
1,VI,25,250,1.40403,1.0,inf
1,VI,25,251,6.10388,1.0,inf
1,VI,25,252,1.58213,1.0,inf
1,VI,25,253,3.20355,1.0,inf
1,VI,25,254,6.41459,1.0,inf
1,VI,25,255,5.93179,1.0,inf
1,VI,25,256,7.57361,1.0,inf
1,VI,25,257,1.60916,1.0,inf
1,VI,25,258,8.23308,1.0,inf
1,VI,25,259,7.04014,1.0,inf
1,VI,25,260,5.63846,1.0,inf
1,VI,25,261,6.58693,1.0,inf
1,V,45,262,1.43558,1.0,inf
1,V,45,263,1.43241,1.0,inf
1,V,45,264,1.43803,1.0,inf
1,V,45,265,1.45327,1.0,inf
1,V,45,266,1.46235,1.0,inf
1,V,45,267,1.45625,1.0,inf
1,V,45,268,1.44962,1.0,inf
1,V,45,269,1.45637,1.0,inf
1,V,45,270,1.4547,1.0,inf
1,V,45,271,1.46192,1.0,inf
1,V,45,272,1.48344,1.0,inf
1,V,45,273,1.4731,1.0,inf
1,V,45,274,1.46073,1.0,inf
1,V,45,275,1.46563,1.0,inf
1,V,45,276,1.46594,1.0,inf
1,V,45,277,1.48327,1.0,inf
1,V,45,278,1.46112,1.0,inf
1,V,45,279,1.47309,1.0,inf
1,V,45,280,1.45316,1.0,inf
1,V,45,281,1.45581,1.0,inf
1,V,45,282,1.46813,1.0,inf
1,V,45,283,1.45649,1.0,inf
1,V,45,284,1.46439,1.0,inf
1,V,45,285,1.48135,1.0,inf
1,V,45,286,1.45747,1.0,inf
1,V,45,287,1.47262,1.0,inf
1,V,45,288,1.47648,1.0,inf
1,V,45,289,1.4632,1.0,inf
1,V,45,290,1.48156,1.0,inf
1,V,45,291,1.46367,1.0,inf
1,V,45,292,1.48789,1.0,inf
1,V,45,293,1.47042,1.0,inf
1,V,45,294,1.47292,1.0,inf
1,V,45,295,1.47437,1.0,inf
1,V,45,296,1.48203,1.0,inf
1,V,45,297,1.48087,1.0,inf
1,V,45,298,1.48038,1.0,inf
1,V,45,299,1.47892,0.0,
1,V,35,300,1.29403,1.0,1.0
1,V,35,301,1.36528,1.0,1.0
1,V,35,302,1.32674,1.0,1.0
1,V,35,303,1.36511,1.0,1.0
1,V,35,304,1.39924,1.0,1.0
1,V,35,305,1.36852,1.0,1.0
1,V,35,306,1.38477,1.0,1.0
1,V,35,307,1.40807,1.0,1.0
1,V,35,308,1.43959,1.0,1.0
1,V,35,309,1.44961,1.0,1.0
1,V,35,310,1.48378,1.0,1.0
1,V,35,311,1.49313,1.0,1.0
1,V,35,312,1.5053,1.0,1.0
1,V,35,313,1.46072,1.0,1.0
1,V,35,314,1.52827,1.0,1.0
1,V,35,315,1.51596,1.0,1.0
1,V,35,316,1.49513,1.0,1.0
1,V,35,317,1.55994,1.0,1.0
1,V,35,318,1.54746,1.0,1.0
1,V,35,319,1.5192,1.0,1.0
1,V,35,320,1.57944,1.0,1.0
1,V,35,321,1.56971,1.0,1.0
1,V,35,322,1.60225,1.0,1.0
1,V,35,323,1.58286,1.0,1.0
1,V,35,324,1.57405,1.0,1.0
1,V,35,325,1.57281,1.0,1.0
1,V,35,326,1.63154,0.0,0.0
1,V,35,327,1.64156,1.0,1.0
1,IX,25,328,2.77668,1.0,1.0
1,IX,25,329,2.79048,1.0,1.0
1,IX,25,330,2.87367,1.0,1.0
1,IX,25,331,2.90651,1.0,1.0
1,IX,25,332,2.87359,1.0,1.0
1,IX,25,333,2.81125,1.0,1.0
1,IX,25,334,2.81748,1.0,1.0
1,IX,25,335,2.80525,1.0,1.0
1,IX,25,336,2.88319,1.0,1.0
1,IX,25,337,2.88262,1.0,1.0
1,IX,25,338,2.82796,1.0,1.0
1,IX,25,339,2.82616,1.0,1.0
1,IX,25,340,2.84304,1.0,1.0
1,IX,25,341,2.89942,1.0,1.0
1,IX,25,342,2.85973,1.0,1.0
1,IX,25,343,2.85437,1.0,1.0
1,IX,25,344,2.84134,1.0,1.0
1,IX,25,345,2.83182,1.0,1.0
1,IX,25,346,2.91152,1.0,1.0
1,IX,25,347,2.87665,1.0,1.0
1,IX,25,348,2.87217,1.0,1.0
1,IX,25,349,2.86942,0.0,0.0
2,VI,25,1,0.58718,1.0,1.0
2,VI,25,2,2.59438,1.0,1.0
2,VI,25,3,1.33153,1.0,1.0
2,VI,25,4,4.03258,1.0,1.0
2,VI,25,5,0.88945,1.0,1.0
2,VI,25,6,0.20965,1.0,1.0
2,VI,25,7,2.39051,1.0,1.0
2,VI,25,8,0.81935,1.0,1.0
2,VI,25,9,4.18414,1.0,1.0
2,VI,25,10,3.35419,1.0,1.0
2,VI,25,11,0.41716,1.0,1.0
2,VI,25,12,0.36496,1.0,1.0
2,VI,25,13,1.83823,1.0,1.0
2,VI,25,14,0.64287,1.0,1.0
2,VI,25,15,3.15568,1.0,1.0
2,VI,25,16,2.49601,1.0,1.0
2,VI,25,17,4.08498,1.0,1.0
2,VI,25,18,2.80151,1.0,1.0
2,VI,25,19,3.37596,1.0,1.0
2,VI,25,20,4.0167,1.0,1.0
2,VI,25,21,3.92656,1.0,1.0
2,VI,25,22,3.1722,1.0,1.0
2,VI,25,23,1.30748,1.0,1.0
2,VI,25,24,3.16864,1.0,1.0
2,VI,25,25,1.34777,1.0,1.0
2,VI,25,26,2.27526,1.0,1.0
2,VI,25,27,1.35339,1.0,1.0
2,VI,25,28,4.3536,1.0,1.0
2,VI,25,29,3.23495,1.0,1.0
2,VI,25,30,0.68643,1.0,1.0
2,VI,25,31,4.35572,1.0,1.0
2,VI,25,32,3.82628,1.0,1.0
2,VI,25,33,1.74539,1.0,1.0
2,VI,25,34,3.9303,1.0,1.0
2,VI,25,35,3.3878,1.0,1.0
2,VI,25,36,0.71938,1.0,1.0
2,VI,25,37,3.66704,1.0,1.0
2,VI,25,38,0.41973,1.0,1.0
2,VI,25,39,1.96999,1.0,1.0
2,VI,25,40,2.15055,1.0,1.0
2,VI,25,41,2.45856,1.0,1.0
2,VI,25,42,0.63055,1.0,1.0
2,VI,25,43,0.76485,1.0,1.0
2,VI,25,44,3.34563,1.0,1.0
2,VI,25,45,2.327,1.0,1.0
2,VI,25,46,3.83435,1.0,1.0
2,VI,25,47,3.20789,1.0,1.0
2,VI,25,48,0.42145,1.0,1.0
2,VI,25,49,1.78085,1.0,1.0
2,VI,25,50,3.16826,1.0,1.0
2,VI,25,51,2.41804,1.0,1.0
2,VI,25,52,4.22237,1.0,1.0
2,VI,25,53,3.5605,1.0,1.0
2,VI,25,54,3.28154,1.0,1.0
2,VI,25,55,2.48752,1.0,1.0
2,VI,25,56,2.72467,1.0,1.0
2,VI,25,57,2.70512,1.0,1.0
2,VI,25,58,4.32725,1.0,1.0
2,VI,25,59,2.65161,1.0,1.0
2,VI,25,60,1.94415,1.0,1.0
2,VI,25,61,2.05989,1.0,1.0
2,VI,25,62,2.99772,1.0,1.0
2,VI,25,63,1.84758,1.0,1.0
2,VI,25,64,1.0238,1.0,1.0
2,VI,25,65,3.7095,1.0,1.0
2,VI,25,66,0.25021,1.0,1.0
2,VI,25,67,3.15723,1.0,1.0
2,VI,25,68,4.42569,1.0,1.0
2,VI,25,69,2.83879,1.0,1.0
2,VI,25,70,2.61233,1.0,1.0
2,VI,25,71,4.11797,1.0,1.0
2,VI,25,72,1.04345,1.0,1.0
2,VI,25,73,0.25806,1.0,1.0
2,VI,25,74,0.50472,1.0,1.0
2,VI,25,75,3.51639,1.0,1.0
2,VI,25,76,4.45849,1.0,1.0
2,VI,25,77,4.56524,1.0,1.0
2,VI,25,78,3.01362,1.0,1.0
2,VI,25,79,1.67234,1.0,1.0
2,VI,25,80,2.14543,1.0,1.0
2,VI,25,81,1.07278,1.0,1.0
2,VI,25,82,1.03575,1.0,1.0
2,VI,25,83,4.35807,1.0,1.0
2,VI,25,84,3.50568,1.0,1.0
2,VI,25,85,0.91761,1.0,1.0
2,VI,25,86,0.59199,1.0,1.0
2,VI,25,87,4.47086,1.0,1.0
2,VI,25,88,0.61237,1.0,1.0
2,VI,25,89,2.52891,1.0,1.0
2,VI,25,90,3.51902,1.0,1.0
2,VI,25,91,4.61724,1.0,1.0
2,VI,25,92,4.27492,1.0,1.0
2,VI,25,93,0.65676,1.0,1.0
2,VI,25,94,4.5643,1.0,1.0
2,VI,25,95,3.60314,1.0,1.0
2,VI,25,96,2.00317,1.0,1.0
2,VI,25,97,2.54526,1.0,1.0
2,VI,25,98,3.52108,1.0,1.0
2,VI,25,99,0.40791,1.0,1.0
2,VI,25,100,4.64982,1.0,1.0
2,VI,25,101,4.65845,1.0,1.0
2,VI,25,102,4.64896,1.0,1.0
2,VI,25,103,0.26414,1.0,1.0
2,VI,25,104,4.24363,1.0,1.0
2,VI,25,105,3.39654,1.0,1.0
2,VI,25,106,3.79597,1.0,1.0
2,VI,25,107,0.26272,1.0,1.0
2,VI,25,108,2.0234,1.0,1.0
2,VI,25,109,2.34455,1.0,1.0
2,VI,25,110,1.91442,1.0,1.0
2,VI,25,111,2.3627,1.0,1.0
2,VI,25,112,1.69695,1.0,1.0
2,VI,25,113,0.50795,1.0,1.0
2,VI,25,114,2.43267,1.0,1.0
2,VI,25,115,4.4852,1.0,1.0
2,VI,25,116,3.71956,1.0,1.0
2,VI,25,117,4.47239,1.0,1.0
2,VI,25,118,4.68575,1.0,1.0
2,VI,25,119,4.3609,1.0,1.0
2,VI,25,120,2.61048,1.0,1.0
2,VI,25,121,2.00868,1.0,1.0
2,VI,25,122,2.06863,1.0,1.0
2,VI,25,123,0.43521,1.0,1.0
2,VI,25,124,0.36334,1.0,1.0
2,VI,25,125,4.57186,1.0,1.0
2,VI,25,126,3.25632,1.0,1.0
2,VI,25,127,1.94883,1.0,1.0
2,VI,25,128,1.57509,1.0,1.0
2,VI,25,129,1.86748,1.0,1.0
2,VI,25,130,3.63437,1.0,1.0
2,VI,25,131,4.62421,1.0,1.0
2,VI,25,132,4.62372,1.0,1.0
2,VI,25,133,3.34871,1.0,1.0
2,VI,25,134,0.3072,1.0,1.0
2,VI,25,135,4.53284,1.0,1.0
2,VI,25,136,4.40117,1.0,1.0
2,VI,25,137,0.27314,1.0,1.0
2,VI,25,138,3.24185,1.0,1.0
2,VI,25,139,0.35034,1.0,1.0
2,VI,25,140,3.92831,1.0,1.0
2,VI,25,141,1.83675,1.0,1.0
2,VI,25,142,0.28053,1.0,1.0
2,VI,25,143,4.6996,1.0,1.0
2,VI,25,144,3.20162,1.0,1.0
2,VI,25,145,0.45087,1.0,1.0
2,VI,25,146,4.67257,1.0,1.0
2,VI,25,147,1.19335,1.0,1.0
2,VI,25,148,4.50272,1.0,1.0
2,VI,25,149,3.62201,1.0,1.0
2,VI,25,150,0.4147,1.0,1.0
2,VI,25,151,3.25348,1.0,1.0
2,VI,25,152,2.92299,1.0,1.0
2,VI,25,153,4.74005,1.0,1.0
2,VI,25,154,3.12958,1.0,1.0
2,VI,25,155,4.0146,1.0,1.0
2,VI,25,156,0.98866,1.0,1.0
2,VI,25,157,2.07329,1.0,1.0
2,VI,25,158,1.33294,1.0,1.0
2,VI,25,159,1.25644,1.0,1.0
2,VI,25,160,0.2458,1.0,1.0
2,VI,25,161,0.31205,1.0,1.0
2,VI,25,162,0.27038,1.0,1.0
2,VI,25,163,1.4413,1.0,1.0
2,VI,25,164,0.89365,1.0,1.0
2,VI,25,165,0.56922,1.0,1.0
2,VI,25,166,0.24058,1.0,1.0
2,VI,25,167,4.22512,1.0,1.0
2,VI,25,168,0.78224,1.0,1.0
2,VI,25,169,4.00792,1.0,1.0
2,VI,25,170,0.25445,1.0,1.0
2,VI,25,171,1.78147,1.0,1.0
2,VI,25,172,3.68415,1.0,1.0
2,VI,25,173,3.48084,1.0,1.0
2,VI,25,174,1.03744,1.0,1.0
2,VI,25,175,4.78081,1.0,1.0
2,VI,25,176,3.77093,1.0,1.0
2,VI,25,177,4.12186,1.0,1.0
2,VI,25,178,1.54697,1.0,1.0
2,VI,25,179,0.26393,1.0,1.0
2,VI,25,180,1.73904,1.0,1.0
2,VI,25,181,4.44011,1.0,1.0
2,VI,25,182,4.6011,1.0,1.0
2,VI,25,183,1.02125,1.0,1.0
2,VI,25,184,0.48002,1.0,1.0
2,VI,25,185,1.32905,1.0,1.0
2,VI,25,186,1.05444,1.0,1.0
2,VI,25,187,2.8066,1.0,1.0
2,VI,25,188,0.50107,1.0,1.0
2,VI,25,189,3.35057,1.0,1.0
2,VI,25,190,1.66755,1.0,1.0
2,VI,25,191,3.4537,1.0,1.0
2,VI,25,192,3.44481,1.0,1.0
2,VI,25,193,4.35781,1.0,1.0
2,VI,25,194,0.26841,1.0,1.0
2,VI,25,195,3.85722,1.0,1.0
2,VI,25,196,3.81886,1.0,1.0
2,VI,25,197,0.63963,1.0,1.0
2,VI,25,198,1.8103,1.0,1.0
2,VI,25,199,3.11949,1.0,1.0
2,VI,25,200,1.25359,1.0,1.0
2,VI,25,201,4.66397,1.0,1.0
2,VI,25,202,3.29121,1.0,1.0
2,VI,25,203,0.64752,1.0,1.0
2,VI,25,204,1.21637,1.0,1.0
2,VI,25,205,4.49084,1.0,1.0
2,VI,25,206,3.94658,1.0,1.0
2,VI,25,207,0.29517,1.0,1.0
2,VI,25,208,1.03878,1.0,1.0
2,VI,25,209,0.28522,1.0,1.0
2,VI,25,210,2.70504,1.0,1.0
2,VI,25,211,2.75943,1.0,1.0
2,VI,25,212,4.074,1.0,1.0
2,VI,25,213,1.68578,1.0,1.0
2,VI,25,214,3.0628,1.0,1.0
2,VI,25,215,3.35015,1.0,1.0
2,VI,25,216,0.57416,1.0,1.0
2,VI,25,217,3.9465,1.0,1.0
2,VI,25,218,2.32489,1.0,1.0
2,VI,25,219,4.78372,1.0,1.0
2,VI,25,220,3.14382,1.0,1.0
2,VI,25,221,0.69941,1.0,1.0
2,VI,25,222,0.84654,1.0,1.0
2,VI,25,223,0.88342,1.0,1.0
2,VI,25,224,3.45828,1.0,1.0
2,VI,25,225,3.50818,1.0,1.0
2,VI,25,226,4.50935,1.0,1.0
2,VI,25,227,4.84946,1.0,1.0
2,VI,25,228,4.44251,1.0,1.0
2,VI,25,229,4.58637,1.0,1.0
2,VI,25,230,0.89384,1.0,1.0
2,VI,25,231,1.3172,1.0,1.0
2,VI,25,232,4.411,1.0,1.0
2,VI,25,233,4.76197,1.0,1.0
2,VI,25,234,0.58466,1.0,1.0
2,VI,25,235,3.99428,1.0,1.0
2,VI,25,236,1.19207,1.0,1.0
2,VI,25,237,4.87128,1.0,1.0
2,VI,25,238,2.12477,1.0,1.0
2,VI,25,239,4.88455,1.0,1.0
2,VI,25,240,4.28498,1.0,1.0
2,VI,25,241,4.9742,1.0,1.0
2,VI,25,242,4.87533,1.0,1.0
2,VI,25,243,1.10146,1.0,1.0
2,VI,25,244,2.23342,1.0,1.0
2,VI,25,245,4.72315,1.0,1.0
2,VI,25,246,0.71837,1.0,1.0
2,VI,25,247,4.47601,1.0,1.0
2,VI,25,248,0.42648,1.0,1.0
2,VI,25,249,0.244,1.0,1.0
2,VI,25,250,3.25382,1.0,1.0
2,V,45,251,1.06804,1.0,1.0
2,V,45,252,1.07716,1.0,1.0
2,V,45,253,1.08731,1.0,1.0
2,V,45,254,1.08721,1.0,1.0
2,V,45,255,1.06629,1.0,1.0
2,V,45,256,1.09127,1.0,1.0
2,V,45,257,1.07595,1.0,1.0
2,V,45,258,1.07076,1.0,1.0
2,V,45,259,1.08271,1.0,1.0
2,V,45,260,1.06975,1.0,1.0
2,V,45,261,1.09028,1.0,1.0
2,V,45,262,1.07399,1.0,1.0
2,V,45,263,1.07686,1.0,1.0
2,V,45,264,1.07821,1.0,1.0
2,V,45,265,1.09528,1.0,1.0
2,V,45,266,1.07744,1.0,1.0
2,V,45,267,1.08902,1.0,1.0
2,V,45,268,1.07632,1.0,1.0
2,V,45,269,1.07798,1.0,1.0
2,V,45,270,1.07921,1.0,1.0
2,V,45,271,1.07777,1.0,1.0
2,V,45,272,1.09774,1.0,1.0
2,V,45,273,1.08856,1.0,1.0
2,V,45,274,1.09448,1.0,1.0
2,V,45,275,1.09078,1.0,1.0
2,V,45,276,1.09414,1.0,1.0
2,V,45,277,1.09252,1.0,1.0
2,V,45,278,1.09792,1.0,1.0
2,V,45,279,1.08367,1.0,1.0
2,V,45,280,1.08808,1.0,1.0
2,V,45,281,1.08926,1.0,1.0
2,V,45,282,1.09473,1.0,1.0
2,V,45,283,1.08361,1.0,1.0
2,V,45,284,1.07563,1.0,1.0
2,V,45,285,1.08868,1.0,1.0
2,V,45,286,1.07491,1.0,1.0
2,V,45,287,1.07725,1.0,1.0
2,V,45,288,1.07548,1.0,1.0
2,V,45,289,1.07169,1.0,1.0
2,V,45,290,1.08385,1.0,1.0
2,V,45,291,1.08913,1.0,1.0
2,V,45,292,1.09282,1.0,1.0
2,V,45,293,1.08972,1.0,1.0
2,V,45,294,1.0915,1.0,1.0
2,V,45,295,1.07449,1.0,1.0
2,V,45,296,1.0767,1.0,1.0
2,V,45,297,1.07713,1.0,1.0
2,V,45,298,1.0924,1.0,1.0
2,V,45,299,1.091,1.0,1.0
2,V,45,300,1.09193,1.0,1.0
2,V,45,301,1.09555,1.0,1.0
2,V,45,302,1.07874,1.0,1.0
2,V,45,303,1.0836,1.0,1.0
2,V,45,304,1.08062,1.0,1.0
2,V,45,305,1.08151,1.0,1.0
2,V,45,306,1.09496,1.0,1.0
2,V,45,307,1.09768,1.0,1.0
2,V,45,308,1.09715,1.0,1.0
2,V,45,309,1.0899,1.0,1.0
2,V,45,310,1.09356,1.0,1.0
2,V,35,311,1.35651,0.0,0.0
2,V,35,312,1.3548,0.0,0.0
2,V,35,313,1.36724,0.0,0.0
2,V,35,314,1.3809,0.0,0.0
2,V,35,315,1.37124,0.0,0.0
2,V,35,316,1.3832,0.0,0.0
2,V,35,317,1.38712,0.0,0.0
2,V,35,318,1.37792,1.0,1.0
3,VI,25,1,3.26315,35.26900433531998,1.0
3,VI,25,2,4.47749,34.36045351565533,0.9742393969779639
3,VI,25,3,3.37941,33.53229828580137,0.9507582909626004
3,VI,25,4,4.63389,33.0310493290753,0.9365461246093787
3,VI,25,5,0.67033,32.62927212645602,0.9251543314416617
3,VI,25,6,1.79673,32.4376770322823,0.9197219383876325
3,VI,25,7,4.38868,32.30950949670508,0.9160879391298516
3,VI,25,8,4.77399,32.17685881118418,0.912326826843842
3,VI,25,9,0.54959,31.83998771387048,0.9027753494584614
3,VI,25,10,3.77439,31.79246125330846,0.9014278075740871
3,VI,25,11,1.10538,31.63786558760841,0.8970444781148761
3,VI,25,12,1.1091,31.5962524951981,0.8958646009622728
3,VI,25,13,0.83372,31.47231672855202,0.8923505871991464
3,VI,25,14,0.6368,31.38998451706475,0.8900161801740856
3,VI,25,15,4.96577,31.35217782814398,0.888944227913644
3,VI,25,16,4.46886,31.37461153188444,0.8895803021142983
3,VI,25,17,4.4219,31.20727135364174,0.8848356210155149
3,VI,25,18,4.75465,31.09300488682274,0.8815957658233294
3,VI,25,19,3.19638,31.06631538899321,0.8808390249305109
3,VI,25,20,3.3588,31.05557265089922,0.8805344306189773
3,VI,25,21,0.4747,30.98059107820675,0.8784084399905042
3,VI,25,22,1.62788,30.77668899315448,0.8726271005709484
3,VI,25,23,0.449,30.7600159720065,0.8721543619308251
3,VI,25,24,1.96336,30.71314757843149,0.8708254785540955
3,VI,25,25,0.94656,30.78718511232247,0.8729247023707666
3,VI,25,26,0.42764,30.77075902250613,0.8724589651001545
3,VI,25,27,4.89821,30.68225234416219,0.8699494902790775
3,VI,25,28,3.67592,30.64511727586589,0.8688965808194501
3,VI,25,29,2.7327,30.50012061584126,0.8647854168453817
3,VI,25,30,1.08986,30.50946439703552,0.8650503458211312
3,VI,25,31,0.58973,30.45540818731595,0.8635176626411459
3,VI,25,32,3.88775,30.50935933826264,0.8650473670363636
3,VI,25,33,1.40016,30.43148151368464,0.8628392575066027
3,VI,25,34,4.3015,30.33080107263891,0.8599846138061876
3,VI,25,35,0.69968,30.26067119269691,0.8579961856873999
3,VI,25,36,4.4949,30.36376554002827,0.8609192720992302
3,VI,25,37,1.22014,30.31935942720577,0.8596602030197544
3,VI,25,38,4.07939,30.27394973655201,0.8583726789881138
3,VI,25,39,1.85161,30.22779038844189,0.8570638995377142
3,VI,25,40,0.71176,30.24998998524884,0.8576933359855337
3,VI,25,41,1.65818,30.21759415798124,0.8567748006347877
3,VI,25,42,3.23678,30.22267088818395,0.8569187437456973
3,VI,25,43,3.62003,30.09843064687695,0.8533960970578072
3,VI,25,44,4.66681,30.12238924264658,0.8540754072969579
3,VI,25,45,1.42665,30.08426266484862,0.8529943850646466
3,VI,25,46,3.83922,30.05194037167124,0.8520779346633233
3,VI,25,47,4.67034,30.03213496153277,0.8515163818065947
3,VI,25,48,3.46254,30.00856218463528,0.8508480108859594
3,VI,25,49,1.87359,30.08601953914,0.853044198614093
3,VI,25,50,0.86118,29.99983456104309,0.8506005521397694
3,VI,25,51,0.92597,29.85594267444658,0.8465207123680406
3,VI,25,52,2.32549,29.92487325409696,0.848475136116299
3,VI,25,53,3.77394,29.85027886926101,0.8463601236218509
3,VI,25,54,1.17887,29.87369920323689,0.847024172250874
3,VI,25,55,0.43713,29.88230149439089,0.847268077382763
3,VI,25,56,3.24124,29.64897618114537,0.8406524862243855
3,VI,25,57,5.09674,29.75883138660986,0.8437672666820373
3,VI,25,58,4.23409,29.63521988302073,0.8402624469141218
3,VI,25,59,0.63386,29.72215979284399,0.8427274983512612
3,VI,25,60,3.43023,29.74693989313282,0.8434301011254488
3,VI,25,61,0.59041,29.70483051909988,0.8422361526478398
3,VI,25,62,0.62196,29.58342350238303,0.8387938378163075
3,VI,25,63,0.49172,29.59326867058714,0.8390729828727005
3,VI,25,64,4.68539,29.62333154763354,0.8399253709004594
3,VI,25,65,0.70739,29.64456873232438,0.8405275195885518
3,VI,25,66,1.73384,29.52785133334068,0.8372181718713889
3,VI,25,67,0.4481,29.53392221766582,0.8373903027392585
3,VI,25,68,0.70373,29.55722767776141,0.8380510942907868
3,VI,25,69,0.64918,29.43714054790231,0.834646202881963
3,VI,25,70,3.00439,29.47031175075169,0.8355867228505452
3,VI,25,71,4.09922,29.35894206683339,0.8324290016157904
3,VI,25,72,0.76074,29.46820175201361,0.83552689698424
3,VI,25,73,3.7309,29.42709614153603,0.8343614087247255
3,VI,25,74,5.16882,29.44730202858508,0.8349343165067811
3,VI,25,75,5.16102,29.36988092653268,0.8327391566628478
3,VI,25,76,0.44362,29.22578152978308,0.8286534332503133
3,VI,25,77,0.47825,29.30931502054503,0.8310219007570155
3,VI,25,78,0.47142,29.28450032579161,0.8303183171083961
3,VI,25,79,3.13499,29.43650660107554,0.834628228265477
3,VI,25,80,4.00912,29.30832327469767,0.8309937812831022
3,VI,25,81,4.51162,29.22780878216216,0.8287109129670585
3,VI,25,82,4.88599,29.34916271648673,0.8321517227265515
3,VI,25,83,2.00368,29.2655786500858,0.8297818212230598
3,VI,25,84,0.95242,29.29883808797084,0.8307248429644399
3,VI,25,85,4.10469,29.1807739603336,0.8273773107654943
3,VI,25,86,2.42321,29.18843425877285,0.8275945070993181
3,VI,25,87,3.62358,29.15109545001026,0.82653582088273
3,VI,25,88,1.39408,29.03421969803604,0.8232219833027682
3,VI,25,89,0.58509,28.86146003607408,0.8183236408284684
3,VI,25,90,2.91495,28.97628625563472,0.8215793669745464
3,VI,25,91,0.50718,28.93872054893558,0.8205142474054772
3,VI,25,92,2.2235,28.92382982969613,0.8200920432769488
3,VI,25,93,5.24435,28.92753043226665,0.8201969683418965
3,VI,25,94,2.95778,28.92651381574239,0.8201681436970442
3,VI,25,95,2.18019,28.99545468726248,0.8221228592559139
3,VI,25,96,1.89427,28.57009521427551,0.8100624259943773
3,VI,25,97,0.48076,28.93906617813286,0.8205240472057208
3,VI,25,98,5.26893,28.50152408806944,0.8081181940122626
3,VI,25,99,4.39094,28.85212264562846,0.8180588930528622
3,VI,25,100,0.53582,28.60034942106147,0.8109202388914559
3,VI,25,101,3.95096,28.7478699525121,0.8151029634744376
3,VI,25,102,1.0575,28.56591623506873,0.8099439372736
3,VI,25,103,3.58991,28.56634359754734,0.8099560544990977
3,VI,25,104,0.49627,28.85741530127115,0.8182089584074826
3,VI,25,105,5.12006,28.86815171756847,0.8185133734739032
3,VI,25,106,0.69756,28.87320446737581,0.8186566366564785
3,VI,25,107,3.39341,28.73404329447634,0.8147109292138641
3,VI,25,108,0.68915,28.7119103454302,0.8140833824638706
3,VI,25,109,2.07737,28.90564829746932,0.8195765330557374
3,VI,25,110,4.81321,28.94727067283614,0.8207566734127233
3,VI,25,111,5.17214,28.62005198799128,0.8114788757824349
3,VI,25,112,2.59089,28.70684545781877,0.8139397751319687
3,VI,25,113,0.62162,28.44348336320952,0.8064725358499822
3,VI,25,114,5.10397,28.50947623705833,0.8083436653330088
3,VI,25,115,3.66647,28.67604791295227,0.813066556694224
3,VI,25,116,0.67028,4.958009084065755e-06,1.4057695071081383e-07
3,VI,25,117,1.10869,28.46161573580116,0.80698665222308
3,VI,25,118,4.84466,28.51917749203727,0.8086187299446067
3,VI,25,119,5.27557,28.57075499190611,0.8100811330047688
3,VI,25,120,2.61744,28.59252650784453,0.810698431858216
3,VI,25,121,3.26736,28.60853515006472,0.8111523330250306
3,VI,25,122,0.50552,28.42924447547212,0.8060688134312255
3,VI,25,123,0.51409,28.57422894715311,0.8101796318229938
3,VI,25,124,1.16423,28.65637318673092,0.8125087091849976
3,VI,25,125,0.45455,28.55648105048632,0.8096764166911444
3,VI,25,126,1.08512,28.44284590525951,0.8064544616808351
3,VI,25,127,5.31018,28.57987802677402,0.8103398030477666
3,VI,25,128,3.93881,28.58009315624236,0.8103459027228892
3,VI,25,129,5.23032,28.62143261974057,0.8115180215359177
3,VI,25,130,2.70484,28.62845771401382,0.8117172076032775
3,VI,25,131,0.79862,28.53952604834222,0.8091956829005645
3,VI,25,132,4.6025,28.57347628764142,0.8101582912854347
3,VI,25,133,0.67547,28.52371421843327,0.8087473620532103
3,VI,25,134,0.45414,28.60525563270105,0.8110593472029051
3,VI,25,135,5.34237,28.59694018997605,0.8108235752302704
3,VI,25,136,0.47778,28.43282660944017,0.8061703794956936
3,VI,25,137,2.41158,28.47187927051193,0.8072776594376071
3,VI,25,138,2.03916,28.50748394477474,0.8082871768576142
3,VI,25,139,0.53301,28.5283487954468,0.8088787685700903
3,VI,25,140,0.45256,28.51419910802075,0.8084775752930836
3,VI,25,141,0.62835,28.55697397300258,0.8096903927737006
3,VI,25,142,4.10408,28.53333994011189,0.8090202850307661
3,VI,25,143,5.12539,28.44985293430193,0.8066531355355263
3,VI,25,144,5.35252,28.47875624363151,0.807472645750637
3,VI,25,145,5.01857,28.54588995806094,0.8093761220663038
3,VI,25,146,3.46169,28.42136375028983,0.805845367225958
3,VI,25,147,3.83236,28.51413819579989,0.8084758482179363
3,VI,25,148,0.90298,28.53841468988607,0.8091641719895792
3,VI,25,149,1.53494,28.41227322241707,0.8055876188703103
3,VI,25,150,5.35683,28.53787038078243,0.8091487389170018
3,VI,25,151,1.57125,28.58719484990977,0.8105472606517916
3,VI,25,152,5.37787,28.55863288141583,0.8097374286468281
3,VI,25,153,4.46227,28.42502876438855,0.8059492832328822
3,VI,25,154,0.52857,28.4953723328993,0.8079437701722344
3,VI,25,155,1.36983,28.48759720721108,0.8077233180830771
3,VI,25,156,3.75771,28.4220702150256,0.8058653979795639
3,VI,25,157,0.84486,28.55729988811242,0.8096996336104064
3,VI,25,158,4.64608,28.58889033849035,0.8105953337009898
3,VI,25,159,5.42187,28.49438875814465,0.8079158823774643
3,VI,25,160,2.76899,28.51980677068076,0.8086365722017204
3,VI,25,161,1.22274,28.48750811492511,0.8077207920042253
3,VI,25,162,2.85554,28.44192475211868,0.8064283437577978
3,VI,25,163,4.19816,28.50155978858079,0.8081192062470002
3,VI,25,164,2.32276,28.4910080642411,0.8078200278454959
3,VI,25,165,0.93512,28.52963316480551,0.8089151849471022
3,VI,25,166,4.25853,28.47200477416745,0.8072812179065201
3,VI,25,167,3.84141,28.483562463717,0.8076089189507477
3,VI,25,168,5.31363,28.42365382054433,0.805910298751462
3,VI,25,169,1.91541,28.46906879732463,0.8071979726633343
3,VI,25,170,0.99919,28.60206742768364,0.8109689504061286
3,VI,25,171,5.08734,28.49896113016581,0.8080455251645894
3,VI,25,172,4.44828,28.50648936915712,0.8082589771497868
3,VI,25,173,5.40529,28.49591811290459,0.8079592449500336
3,VI,25,174,4.79712,28.37591018965943,0.8045565993265794
3,VI,25,175,0.50389,28.49410655452858,0.807907880914951
3,VI,25,176,0.61577,28.503803938248,0.8081828357627607
3,VI,25,177,1.2595,28.50907252885778,0.8083322187892756
3,VI,25,178,3.30482,28.43059819178819,0.8061071960377544
3,VI,25,179,5.45847,28.47664020400169,0.8074126486038591
3,VI,25,180,2.4999,28.39844158141176,0.8051954433250693
3,VI,25,181,5.18377,28.39003069073453,0.8049569650681482
3,VI,25,182,5.22456,28.46816973995341,0.8071724812328795
3,VI,25,183,2.67877,28.40864666828979,0.8054847933384977
3,VI,25,184,5.20305,28.35436086071913,0.8039456002539825
3,VI,25,185,5.37772,28.56163274350004,0.8098224852607231
3,VI,25,186,3.0551,28.51532534813549,0.8085095081512963
3,VI,25,187,1.11871,28.53415386882376,0.8090433627650886
3,VI,25,188,3.34006,28.46556927280261,0.8070987488664629
3,VI,25,189,0.78188,28.49700364271837,0.8079900235283982
3,VI,25,190,2.49977,28.39464149146799,0.8050876974440787
3,VI,25,191,5.35302,28.41340945257832,0.8056198349813876
3,VI,25,192,3.33035,28.42433242291222,0.8059295395091947
3,VI,25,193,1.49629,28.40083497641763,0.8052633044697479
3,VI,25,194,2.92396,28.51225900018957,0.8084225664299829
3,VI,25,195,5.30934,28.57025016761052,0.8100668194650161
3,VI,25,196,2.51347,28.54114789428324,0.8092416679225857
3,VI,25,197,2.23725,28.3950818645551,0.8051001835659698
3,VI,25,198,5.40623,28.35029633504465,0.80383035669236
3,VI,25,199,3.31991,28.45102918309227,0.8066864863151275
3,VI,25,200,4.1708,28.32616626159944,0.8031461844595464
3,VI,25,201,0.45439,27.49224010614612,0.7795014524584735
4,VIII,25,1,2.09083,34.01732757847318,1.0
4,VIII,25,2,2.1006,33.06655423546299,0.9720503222712927
4,VIII,25,3,1.98804,32.37432476792191,0.9517010027680426
4,VIII,25,4,2.01595,32.02458758815081,0.941419854757097
4,VIII,25,5,1.99495,31.86190641425607,0.9366375515758886
4,VIII,25,6,2.04844,31.67328650224592,0.9310927329367691
4,VIII,25,7,2.08525,31.44363875008092,0.9243418277801182
4,VIII,25,8,1.99003,31.41019083381449,0.9233585666409452
4,VIII,25,9,2.02533,31.26491406968708,0.9190878971184121
4,VIII,25,10,2.10804,31.07732208396875,0.913573296205522
4,VIII,25,11,2.00474,31.13609249499617,0.9153009572303878
4,VIII,25,12,2.01847,31.20369564875747,0.9172882724774586
4,VIII,25,13,2.08965,30.96910483767806,0.9103920572901179
4,VIII,25,14,1.97896,30.84170279073605,0.906646846951413
4,VIII,25,15,2.00975,30.86537372554163,0.9073426962873425
4,VIII,25,16,2.01303,30.82694639385937,0.9062130563532937
4,VIII,25,17,2.02388,30.91521555839335,0.9088078858363081
4,VIII,25,18,1.98709,30.97352607722189,0.9105220275099605
4,VIII,25,19,2.007,30.90179731710867,0.9084134327078628
4,VIII,25,20,2.09726,30.64888725173886,0.9009786903758444
4,VIII,25,21,1.99789,30.55842398178238,0.8983193612516563
4,VIII,25,22,2.09804,30.71493605015043,0.9029203125758601
4,VIII,25,23,1.97778,30.82489859459287,0.9061528576424522
4,VIII,25,24,1.99668,30.9411740469185,0.9095709818927302
4,VIII,25,25,1.98041,30.71843605361578,0.9030232014185323
4,VIII,25,26,1.9827,30.70613379146405,0.9026615544865871
4,VIII,25,27,1.98566,30.53503975908757,0.8976319403294554
4,VIII,25,28,2.08034,30.75384340583753,0.9040640636714553
4,VIII,25,29,2.08539,30.71546376459546,0.9029358256829322
4,VIII,25,30,2.02124,30.53437102863118,0.8976122818052856
4,VIII,25,31,2.11467,30.32239526508604,0.8913808762647962
4,VIII,25,32,2.12953,30.21434017537207,0.8882044042311039
4,VIII,25,33,2.01613,30.18251866014052,0.8872689540503647
4,VIII,25,34,2.11163,30.78901973279656,0.9050981345248428
5,VI,25,1,0.99215,1.0,1.0
5,VI,25,2,3.1271,1.0,1.0
5,VI,25,3,3.28422,1.0,1.0
5,VI,25,4,1.9703,1.0,1.0
5,VI,25,5,3.01636,1.0,1.0
5,VI,25,6,2.11032,1.0,1.0
5,VI,25,7,2.13255,1.0,1.0
5,VI,25,8,2.52839,1.0,1.0
5,VI,25,9,2.16996,1.0,1.0
5,VI,25,10,0.06912,1.0,1.0
5,VI,25,11,2.84422,1.0,1.0
5,VI,25,12,-0.15998,1.0,1.0
5,VI,25,13,-0.03325,1.0,1.0
5,VI,25,14,2.58676,1.0,1.0
5,VI,25,15,2.10378,1.0,1.0
5,VI,25,16,1.80477,0.0,0.0
5,VI,25,17,-0.19917,1.0,1.0
5,VI,25,18,0.46424,1.0,1.0
5,VI,25,19,0.73736,1.0,1.0
5,VI,25,20,0.29556,1.0,1.0
5,VI,25,21,1.77991,1.0,1.0
5,VI,25,22,0.80439,0.0,0.0
5,VI,25,23,0.23574,0.0,0.0
5,VI,25,24,2.29715,0.0,0.0
5,VI,25,25,2.89889,0.0,0.0
5,VI,25,26,1.75688,1.0,1.0
5,VI,25,27,2.58151,0.0,0.0
5,VI,25,28,0.47322,0.0,0.0
5,VI,25,29,1.85011,1.0,1.0
5,VI,25,30,3.18186,0.0,0.0
5,VI,25,31,0.21219,1.0,1.0
5,VI,25,32,2.68428,1.0,1.0
5,VI,25,33,3.62025,0.0,0.0
5,VI,25,34,0.39805,1.0,1.0
5,VI,25,35,0.97034,1.0,1.0
5,VI,25,36,2.43211,0.0,0.0
5,VI,25,37,2.94268,0.0,0.0
5,VI,25,38,2.12765,0.0,0.0
5,VI,25,39,-0.10405,0.0,0.0
5,VI,25,40,3.13774,0.0,0.0
5,VI,25,41,3.20062,0.0,0.0
5,VI,25,42,0.51567,0.0,0.0
5,VI,25,43,2.88777,0.0,0.0
5,VI,25,44,2.95444,0.0,0.0
5,VI,25,45,3.62308,1.0,1.0
5,VI,25,46,3.13404,0.0,0.0
5,VI,25,47,1.01973,0.0,0.0
5,VI,25,48,2.82212,0.0,0.0
5,VI,25,49,3.38021,0.0,0.0
5,VI,25,50,0.51974,0.0,0.0
5,VI,25,51,3.50424,1.0,1.0
5,VI,25,52,2.48621,0.0,0.0
5,VI,25,53,-0.07085,0.0,0.0
5,VI,25,54,2.51749,1.0,1.0
5,VI,25,55,0.32861,1.0,1.0
5,VI,25,56,2.93043,0.0,0.0
5,VI,25,57,3.27429,0.0,0.0
5,VI,25,58,3.69868,0.0,0.0
5,VI,25,59,3.16553,0.0,0.0
5,VI,25,60,2.77617,0.0,0.0
5,VI,25,61,3.51241,0.0,0.0
5,VI,25,62,-0.07878,0.0,0.0
5,VI,25,63,0.6832,0.0,0.0
5,VI,25,64,3.30058,0.0,0.0
5,VI,25,65,2.30754,0.0,0.0
5,VI,25,66,1.18765,0.0,0.0
5,VI,25,67,3.78301,0.0,0.0
5,VI,25,68,3.63175,1.0,1.0
5,VI,25,69,2.53674,1.0,1.0
5,VI,25,70,2.67344,0.0,0.0
5,VI,25,71,1.15422,1.0,1.0
5,VI,25,72,2.33137,0.0,0.0
5,VI,25,73,3.20309,0.0,0.0
5,VI,25,74,3.27904,0.0,0.0
5,VI,25,75,2.41125,0.0,0.0
5,VI,25,76,3.39407,0.0,0.0
5,VI,25,77,2.37136,0.0,0.0
5,VI,25,78,3.6006,0.0,0.0
5,VI,25,79,3.53897,0.0,0.0
5,VI,25,80,3.31899,0.0,0.0
5,VI,25,81,1.78494,0.0,0.0
5,VI,25,82,0.07113,0.0,0.0
5,VI,25,83,0.29717,0.0,0.0
5,VI,25,84,3.62653,0.0,0.0
5,VI,25,85,3.8687,0.0,0.0
5,VI,25,86,2.64558,0.0,0.0
5,VI,25,87,3.80558,0.0,0.0
5,VI,25,88,3.76267,0.0,0.0
5,VI,25,89,3.88839,0.0,0.0
5,VI,25,90,1.62924,0.0,0.0
5,VI,25,91,3.1632,0.0,0.0
5,VI,25,92,0.53723,0.0,0.0
5,VI,25,93,3.85638,0.0,0.0
5,VI,25,94,2.05311,0.0,0.0
5,VI,25,95,3.11631,0.0,0.0
5,VI,25,96,2.91907,0.0,0.0
5,VI,25,97,3.24715,0.0,0.0
5,VI,25,98,2.81413,0.0,0.0
5,VI,25,99,3.45947,0.0,0.0
5,VI,25,100,3.81611,0.0,0.0
5,VI,25,101,3.89059,0.0,0.0
5,VI,25,102,2.90544,0.0,0.0
5,VI,25,103,2.12742,1.0,1.0
5,VI,25,104,2.00541,0.0,0.0
5,VI,25,105,3.27971,0.0,0.0
5,VI,25,106,3.10607,0.0,0.0
5,VI,25,107,2.77348,0.0,0.0
5,VI,25,108,1.76991,0.0,0.0
5,VI,25,109,3.3134,0.0,0.0
5,VI,25,110,0.72928,0.0,0.0
5,VI,25,111,2.86896,0.0,0.0
5,VI,25,112,2.5799,0.0,0.0
5,VI,25,113,0.9657,0.0,0.0
5,VI,25,114,3.95053,0.0,0.0
5,VI,25,115,3.54832,0.0,0.0
5,VI,25,116,3.97492,0.0,0.0
5,VI,25,117,0.82501,0.0,0.0
5,VI,25,118,1.69856,0.0,0.0
5,VI,25,119,3.47793,0.0,0.0
5,VI,25,120,3.49039,0.0,0.0
5,VI,25,121,3.88617,0.0,0.0
5,VI,25,122,1.67997,0.0,0.0
5,VI,25,123,2.74046,0.0,0.0
5,VI,25,124,2.03333,0.0,0.0
5,VI,25,125,0.13418,0.0,0.0
5,VI,25,126,0.17187,0.0,0.0
5,VI,25,127,3.27255,0.0,0.0
5,VI,25,128,2.55537,0.0,0.0
5,VI,25,129,3.06416,0.0,0.0
5,VI,25,130,2.09826,0.0,0.0
5,VI,25,131,0.1882,0.0,0.0
5,VI,25,132,2.84127,0.0,0.0
5,VI,25,133,3.39399,0.0,0.0
5,VI,25,134,3.3311,0.0,0.0
5,VI,25,135,3.16226,0.0,0.0
5,VI,25,136,1.9778,0.0,0.0
5,VI,25,137,3.18323,0.0,0.0
5,VI,25,138,0.08013,0.0,0.0
5,VI,25,139,0.28906,0.0,0.0
5,VI,25,140,2.72528,1.0,1.0
5,VI,25,141,2.39736,0.0,0.0
5,VI,25,142,3.5188,0.0,0.0
5,VI,25,143,3.76687,1.0,1.0
5,VI,25,144,3.92546,0.0,0.0
5,VI,25,145,4.07832,1.0,1.0
5,VI,25,146,3.7885,1.0,1.0
5,VI,25,147,1.9151,0.0,0.0
5,VI,25,148,3.80524,0.0,0.0
5,VI,25,149,3.626,1.0,1.0
5,VI,25,150,3.9721,0.0,0.0
5,VI,25,151,0.09531,0.0,0.0
5,VI,25,152,0.12315,0.0,0.0
5,VI,25,153,3.39373,1.0,1.0
5,VI,25,154,3.0571,1.0,1.0
5,VI,25,155,3.24002,0.0,0.0
5,VI,25,156,2.73472,0.0,0.0
5,VI,25,157,0.47516,1.0,1.0
5,VI,25,158,2.49269,1.0,1.0
5,VI,25,159,0.12348,1.0,1.0
5,VI,25,160,0.10005,1.0,1.0
5,VI,25,161,3.00821,0.0,0.0
5,VI,25,162,0.55877,1.0,1.0
5,VI,25,163,2.28842,1.0,1.0
5,VI,25,164,4.07935,1.0,1.0
5,VI,25,165,0.87776,1.0,1.0
5,VI,25,166,1.0402,0.0,0.0
5,VI,25,167,4.05265,1.0,1.0
5,VI,25,168,2.71626,0.0,0.0
5,VI,25,169,3.69473,1.0,1.0
5,VI,25,170,4.03368,1.0,1.0
5,VI,25,171,3.28753,1.0,1.0
5,VI,25,172,4.07009,1.0,1.0
5,VI,25,173,4.19613,1.0,1.0
5,VI,25,174,2.39925,1.0,1.0
5,VI,25,175,4.26209,1.0,1.0
5,VI,25,176,4.2923,1.0,1.0
5,VI,25,177,0.87236,1.0,1.0
5,VI,25,178,3.48147,1.0,1.0
5,VI,25,179,3.41605,1.0,1.0
5,VI,25,180,0.9756,1.0,1.0
5,VI,25,181,4.04287,1.0,1.0
5,VI,25,182,4.3012,1.0,1.0
5,VI,25,183,3.99463,1.0,1.0
5,VI,25,184,4.20911,1.0,1.0
5,VI,25,185,3.85314,1.0,1.0
5,VI,25,186,0.8091,1.0,1.0
5,VI,25,187,3.4408,1.0,1.0
5,VI,25,188,3.03481,1.0,1.0
5,VI,25,189,1.23792,1.0,1.0
5,VI,25,190,0.97691,1.0,1.0
5,VI,25,191,4.10023,1.0,1.0
5,VI,25,192,1.03162,1.0,1.0
5,VI,25,193,3.79903,1.0,1.0
5,VI,25,194,1.46461,1.0,1.0
5,VI,25,195,4.58519,1.0,1.0
5,VI,25,196,0.39046,1.0,1.0
5,VI,25,197,3.70363,1.0,1.0
5,VI,25,198,4.6885,1.0,1.0
5,VI,25,199,4.34114,1.0,1.0
5,VI,25,200,3.99007,1.0,1.0
5,VI,25,201,3.14965,1.0,1.0
5,VI,25,202,0.492,1.0,1.0
5,VI,25,203,4.64676,1.0,1.0
5,VI,25,204,4.07442,1.0,1.0
5,VI,25,205,4.56023,1.0,1.0
5,VI,25,206,5.32932,1.0,1.0
5,VI,25,207,4.7686,1.0,1.0
5,VI,25,208,3.96814,1.0,1.0
5,VI,25,209,1.4878,1.0,1.0
5,VI,25,210,4.01544,1.0,1.0
5,VI,25,211,4.44385,1.0,1.0
5,VI,25,212,1.88889,1.0,1.0
5,VI,25,213,6.13124,1.0,1.0
5,VI,25,214,4.06654,1.0,1.0
5,VI,25,215,0.9994,1.0,1.0
5,VI,25,216,3.93787,1.0,1.0
5,VI,25,217,1.61943,1.0,1.0
5,VI,25,218,2.29262,1.0,1.0
5,VI,25,219,1.80967,1.0,1.0
5,VI,25,220,6.5168,1.0,1.0
5,VI,25,221,0.90501,1.0,1.0
5,VI,25,222,1.15037,1.0,1.0
5,VI,25,223,1.06864,1.0,1.0
5,VI,25,224,6.89338,1.0,1.0
5,VI,25,225,1.97738,1.0,1.0
5,VI,25,226,6.90319,1.0,1.0
5,VI,25,227,1.52458,1.0,1.0
5,VI,25,228,2.244,1.0,1.0
5,VI,25,229,6.71464,1.0,1.0
5,VI,25,230,6.38877,1.0,1.0
5,VI,25,231,5.26214,1.0,1.0
5,VI,25,232,4.80442,1.0,1.0
5,VI,25,233,6.02532,1.0,1.0
5,VI,25,234,7.56685,1.0,1.0
5,VI,25,235,6.78426,1.0,1.0
5,VI,25,236,5.69832,1.0,1.0
5,VI,25,237,9.06307,1.0,1.0
5,VI,25,238,9.3334,1.0,1.0
5,VI,25,239,7.93307,1.0,1.0
5,VI,25,240,5.21505,1.0,1.0
5,VI,25,241,6.28024,1.0,1.0
5,VI,25,242,6.27479,1.0,1.0
5,VI,25,243,9.8796,1.0,1.0
5,VI,25,244,6.99477,1.0,1.0
5,VI,25,245,10.2504,1.0,1.0
5,VI,25,246,10.60279,1.0,1.0
5,VI,25,247,10.40901,1.0,1.0
5,VI,25,248,9.94012,1.0,1.0
5,VI,25,249,2.75296,1.0,1.0
5,VI,25,250,8.52873,0.0,0.0
5,VI,25,251,13.59136,1.0,1.0
5,VI,25,252,16.54811,1.0,1.0
5,VI,25,253,16.88023,1.0,1.0
5,VI,25,254,7.33066,1.0,1.0
5,VI,25,255,17.18395,1.0,1.0
5,VI,25,256,5.63308,1.0,1.0
5,VI,25,257,10.40999,1.0,1.0
5,VI,25,258,14.17243,1.0,1.0
5,VI,25,259,17.23272,1.0,1.0
5,VI,25,260,16.15285,1.0,1.0
5,VI,25,261,14.70995,1.0,1.0
5,VI,25,262,18.26789,1.0,1.0
5,VI,25,263,-1.63163,1.0,1.0
5,VI,25,264,19.15052,1.0,1.0
5,VI,25,265,16.40476,1.0,1.0
5,VI,25,266,19.40047,1.0,1.0
5,VI,25,267,20.20688,1.0,1.0
5,VI,25,268,19.83724,1.0,1.0
5,VI,25,269,-2.78373,1.0,1.0
5,VI,25,270,8.88007,1.0,1.0
5,VI,25,271,11.97593,1.0,1.0
5,VI,25,272,15.25482,1.0,1.0
5,VI,25,273,5.73971,1.0,1.0
5,VI,25,274,5.55084,1.0,1.0
5,VI,25,275,22.65872,1.0,1.0
5,IX,25,276,2.65635,1.0,1.0
5,IX,25,277,2.69104,1.0,1.0
5,IX,25,278,2.81747,1.0,1.0
5,IX,25,279,2.84786,1.0,1.0
5,IX,25,280,2.87594,1.0,1.0
5,IX,25,281,2.92491,1.0,1.0
5,IX,25,282,2.9557,1.0,1.0
5,IX,25,283,3.02712,1.0,1.0
5,IX,25,284,3.12445,1.0,1.0
5,IX,25,285,3.17193,1.0,1.0
5,IX,25,286,3.35739,1.0,1.0
5,IX,25,287,3.51992,1.0,1.0
5,IX,25,288,3.67298,1.0,1.0
5,IX,25,289,3.8985,1.0,1.0
5,IX,25,290,4.25554,1.0,1.0
5,IX,25,291,4.60254,1.0,1.0
5,IX,25,292,5.01781,1.0,1.0
5,IX,25,293,5.47786,1.0,1.0
5,IX,25,294,6.05297,1.0,1.0
5,IX,25,295,6.81695,1.0,1.0
5,IX,25,296,7.6356,1.0,1.0
5,IX,25,297,8.66317,1.0,1.0
5,IX,25,298,9.92964,1.0,1.0
5,IX,25,299,11.47431,1.0,1.0
5,IX,25,300,13.30948,1.0,1.0
5,IX,25,301,15.60648,1.0,1.0
5,IX,25,302,18.49498,1.0,1.0
5,IX,25,303,21.01478,1.0,1.0
5,IX,25,304,23.8404,1.0,1.0
5,IX,25,305,25.04928,1.0,1.0
5,IX,25,306,24.17241,1.0,1.0
5,IX,25,307,25.76144,1.0,1.0
5,IX,25,308,23.81114,1.0,1.0
5,IX,25,309,23.63991,1.0,1.0
5,IX,25,310,24.36258,1.0,1.0
5,IX,25,311,23.2502,1.0,1.0
5,IX,25,312,18.6239,1.0,1.0
5,IX,25,313,19.89614,1.0,1.0
5,IX,25,314,21.84317,1.0,1.0
5,IX,25,315,18.69873,1.0,1.0
5,IX,25,316,19.76917,1.0,1.0
5,IX,25,317,20.80319,1.0,1.0
5,IX,25,318,18.77611,1.0,1.0
5,IX,25,319,20.08268,1.0,1.0
5,IX,25,320,23.86039,1.0,1.0
5,IX,25,321,25.99632,1.0,1.0
5,IX,25,322,25.02735,1.0,1.0
5,IX,25,323,28.42094,1.0,1.0
5,IX,25,324,28.93629,1.0,1.0
5,IX,25,325,29.4983,1.0,1.0
5,IX,25,326,30.5315,1.0,1.0
5,IX,25,327,31.72697,1.0,1.0
5,IX,25,328,78.01688,1.0,1.0
6,VIII,25,1,1.75469,34.19513803838798,1.0
6,VIII,25,2,1.92201,32.70675585863059,0.9564738654341296
6,VIII,25,3,1.81996,32.04892920077812,0.9372364329923015
6,VIII,25,4,1.94913,31.498973232628,0.9211535627452878
6,VIII,25,5,1.658,2.496752590603299e-05,7.301484169475808e-07
6,VIII,25,6,1.83887,9.966123792860244e-06,2.914485615373777e-07
6,VIII,25,7,1.80125,30.7326277545705,0.8987426142298237
6,VIII,25,8,1.89854,3.996875127156576e-05,1.1688431035633262e-06
6,VIII,25,9,1.90328,2.496816635131836e-05,7.301671460804959e-07
6,VIII,25,10,1.94775,30.21408477379136,0.8835783829815973
6,VIII,25,11,1.93979,3.996804131401909e-05,1.1688223416191612e-06
6,VIII,25,12,1.93692,2.496752717759874e-05,7.301484541331524e-07
6,VIII,25,13,1.60751,1.996746190388997e-05,5.83926927900516e-07
6,VIII,25,14,1.90249,3.496897125244141e-05,1.0226299192939274e-06
6,VIII,25,15,1.94391,3.996946377224393e-05,1.1688639398786344e-06
6,VIII,25,16,1.62351,1.496736187405056e-05,4.3770438526225493e-07
6,VIII,25,17,1.59325,29.8862100882934,0.8739900407696172
6,VIII,25,18,1.87904,2.996823120117188e-05,8.763886599179418e-07
6,VIII,25,19,1.6937,4.966768900553385e-06,1.4524780964409664e-07
6,VIII,25,20,1.93982,2.996883561876085e-05,8.764063354596604e-07
6,VIII,25,21,1.87834,4.966768900553385e-06,1.4524780964409664e-07
6,VIII,25,22,1.72168,29.43069813840781,0.8606690841653706
6,VIII,25,23,1.68661,29.50456457984223,0.8628292287260242
6,VIII,25,24,1.93694,3.996818330552842e-05,1.168826494007994e-06
6,VIII,25,25,1.87223,2.996808920966255e-05,8.763845075291089e-07
6,VIII,25,26,1.6064,3.997024451361762e-05,1.16888677181962e-06
6,VIII,25,27,1.75005,1.496736145019531e-05,4.3770437286706436e-07
6,VIII,25,28,1.6441,3.496950361463759e-05,1.0226454876532535e-06
6,VIII,25,29,1.71268,1.496650865342882e-05,4.3767943374368576e-07
6,VIII,25,30,1.85672,2.996638403998481e-05,8.763346416775418e-07
6,VIII,25,31,1.90479,3.496829562717015e-05,1.0226101613601972e-06
6,VIII,25,32,1.65033,2.996855121188693e-05,8.763980182868039e-07
6,VIII,25,33,1.76498,2.496795315212674e-05,7.301609112996513e-07
6,VIII,25,34,1.9119,3.496914884779188e-05,1.022635112878766e-06
6,VIII,25,35,1.68413,2.996624204847548e-05,8.763304892887089e-07
6,VIII,25,36,1.63663,6.996857410007055e-05,2.0461556266134316e-06
6,VIII,25,37,1.77791,1.996728388468424e-05,5.839217219204866e-07
6,VIII,25,38,1.75515,3.996889411078559e-05,1.1688472807425401e-06
6,VIII,25,39,1.9278,3.996963967217339e-05,1.1688690838827105e-06
6,VIII,25,40,1.92243,4.496871142917208e-05,1.3150615557887066e-06
6,VIII,25,41,1.71103,2.496660317314995e-05,7.301214326177617e-07
6,VIII,25,42,1.62009,29.10987766419296,0.8512870347683279
6,VIII,25,43,1.60662,2.496717156304253e-05,7.301380545682841e-07
6,VIII,25,44,1.81591,1.996703550550673e-05,5.839144583388268e-07
6,VIII,25,45,1.91749,5.497079467773437e-05,1.6075617128968252e-06
6,VIII,25,46,1.9026,4.996863343980578e-05,1.461278892446939e-06
6,VIII,25,47,1.8656,2.996620559692383e-05,8.763294233023219e-07
6,VIII,25,48,1.93291,2.496614117092557e-05,7.301079218600668e-07
6,VIII,25,49,1.8134,2.496773868136936e-05,7.30154639333235e-07
6,VIII,25,50,1.87026,28.90257168203336,0.8452245944902137
6,VIII,25,51,1.66272,2.996848000420465e-05,8.763959358947923e-07
6,VIII,25,52,1.89667,6.49721319410536e-05,1.9000400544695826e-06
6,VIII,25,53,1.86169,4.996699863009983e-05,1.4612310841970025e-06
6,VIII,25,54,1.72522,5.496844991048177e-05,1.6074931427027243e-06
6,VIII,25,55,1.90905,3.496833123101128e-05,1.0226112025562026e-06
6,VIII,25,56,1.92114,4.99728266398112e-05,1.4614015180670112e-06
6,VIII,25,57,1.80343,1.996714189317491e-05,5.839175695316537e-07
6,VIII,25,58,1.67694,28.8625487045618,0.8440541655998073
6,VIII,25,59,1.93461,3.996807734171549e-05,1.1688233952103577e-06
6,VIII,25,60,1.81905,2.99668451944987e-05,8.76348127644856e-07
6,VIII,25,61,1.72767,4.996969858805338e-05,1.461310041560781e-06
6,VIII,25,62,1.6289,9.967118581136068e-06,2.914776530495894e-07
6,VIII,25,63,1.69762,1.996756829155816e-05,5.839300390933432e-07
6,VIII,25,64,1.64708,1.996696387396918e-05,5.839123635516244e-07
6,VIII,25,65,1.93167,1.496700583563911e-05,4.3769397330219643e-07
6,VIII,25,66,1.86083,4.966804504394531e-06,1.452488508401025e-07
6,VIII,25,67,1.90737,4.966840108235677e-06,1.4524989203610837e-07
6,VIII,25,68,1.83224,28.69848318523545,0.8392562461077975
6,VIII,25,69,1.70829,4.497070015801324e-05,1.3151197140227492e-06
6,VIII,25,70,1.85884,4.496988381279839e-05,1.3150958408857572e-06
6,VIII,25,71,1.62792,2.996823204888238e-05,8.763886847083227e-07
6,VIII,25,72,1.623,28.64899577188648,0.8378090399788614
6,VIII,25,73,1.93377,4.496999020046658e-05,1.3150989520785847e-06
6,VIII,25,74,1.86252,3.997031487358941e-05,1.1688888294212508e-06
6,VIII,25,75,1.62878,2.496898312038846e-05,7.301910316126784e-07
6,VIII,25,76,1.85126,4.496991772121853e-05,1.315096832501001e-06
6,VIII,25,77,1.80179,2.496759753757053e-05,7.30150511734783e-07
6,VIII,25,78,1.87037,2.496681637234158e-05,7.301276673986065e-07
6,VIII,25,79,1.83785,3.996807649400499e-05,1.1688233704199767e-06
6,VIII,25,80,1.62726,28.59582836513933,0.8362542164046017
6,VIII,25,81,1.63232,4.997019661797418e-05,1.4613246059096728e-06
6,VIII,25,82,1.84186,28.59414347233237,0.836204943528292
6,VIII,25,83,1.67532,4.996625349256727e-05,1.4612092934520223e-06
6,VIII,25,84,1.79287,2.496596357557509e-05,7.30102728275228e-07
6,VIII,25,85,1.88228,5.997039752536349e-05,1.7537697159765756e-06
6,VIII,25,86,1.91236,3.496936119927301e-05,1.02264132286923e-06
6,VIII,25,87,1.9012,28.5986172842383,0.836335775341309
6,VIII,25,88,1.60935,2.996744918823242e-05,8.76365790791384e-07
6,VIII,25,89,1.92731,28.57963942590247,0.8357807883044232
6,VIII,25,90,1.85799,9.96598137749566e-06,2.9144439675335415e-07
6,VIII,25,91,1.72583,4.496938535902236e-05,1.3150812641416755e-06
6,VIII,25,92,1.84174,4.496963416205513e-05,1.3150885401185262e-06
6,VIII,25,93,1.73213,2.996908357408312e-05,8.7641358664613e-07
6,VIII,25,94,1.7852,28.5516917004303,0.8349634871594241
6,VIII,25,95,1.92859,2.496649636162652e-05,7.301183090297442e-07
6,VIII,25,96,1.61203,2.996723556518555e-05,8.763595436153489e-07
6,VIII,25,97,1.92822,28.49534339960601,0.8333156417621916
6,VIII,25,98,1.61716,28.51666381028861,0.8339391342206418
6,VIII,25,99,1.77138,2.996915478176541e-05,8.764156690381418e-07
6,VIII,25,100,1.61808,2.496958711412218e-05,7.302086947592064e-07
6,VIII,25,101,1.73378,1.996778191460503e-05,5.839362862693783e-07
6,VIII,25,102,1.61632,9.967260996500651e-06,2.9148181783361286e-07
6,VIII,25,103,1.72594,4.96698252360026e-06,1.4525405682013187e-07
6,VIII,25,104,1.91064,9.967260572645398e-06,2.914818054384223e-07
6,VIII,25,105,1.61854,28.54794958591632,0.834854053048944
6,VIII,25,106,1.68093,28.57427731417501,0.8356239791194027
6,VIII,25,107,1.70223,1.996714189317491e-05,5.839175695316537e-07
6,VIII,25,108,1.59936,28.5309603212461,0.8343572202930373
6,VIII,25,109,1.78946,28.52763942596748,0.8342601042856419
6,VIII,25,110,1.86641,9.96740298800998e-06,2.914859702224457e-07
6,VIII,25,111,1.62153,28.52371494161189,0.8341453369654696
6,VIII,25,112,1.61556,4.967053731282552e-06,1.452561392121436e-07
6,VIII,25,113,1.60374,9.966976589626737e-06,2.914735006607564e-07
6,VIII,25,114,1.85698,28.58700633160403,0.8359962255310045
6,VIII,25,115,1.63238,28.56387370772358,0.8353197368484766
6,VIII,25,116,1.88427,1.496746741400825e-05,4.3770747166470106e-07
6,VIII,25,117,1.68183,1.996710713704427e-05,5.839165531260289e-07
6,VIII,25,118,1.59335,28.54928081226297,0.8348929833303529
6,VIII,25,119,1.58944,28.55141342830986,0.8349553493908289
6,VIII,25,120,1.62533,1.496576224433051e-05,4.3765760581313396e-07
6,VIII,25,121,1.79478,28.53744828529705,0.8345469538172496
6,VIII,25,122,1.76693,28.482623015558,0.8329436478245233
6,VIII,25,123,1.68967,4.966946919759115e-06,1.45253015624126e-07
6,VIII,25,124,1.74213,4.96698252360026e-06,1.4525405682013187e-07
6,VIII,25,125,1.56373,28.51366270852999,0.8338513702304731
6,VIII,25,126,1.79221,28.51219239878635,0.8338083726048461
6,VIII,25,127,1.76276,28.45379273052207,0.8321005371751801
6,VIII,25,128,1.74488,28.50811997561391,0.8336892789732347
6,VIII,25,129,1.62294,28.50135807116441,0.8334915343569707
6,VIII,25,130,1.8293,28.50891552879317,0.8337125440695291
6,VIII,25,131,1.85437,28.48018034563949,0.8328722145723526
6,VIII,25,132,1.87052,28.49725676016448,0.8333715959319429
6,VIII,25,133,1.8199,28.45128458915148,0.8320271892808748
6,VIII,25,134,1.57413,28.44965770998121,0.8319796129509169
6,VIII,25,135,1.78022,28.40785813419225,0.8307572293552714
6,VIII,25,136,1.84844,28.45283093425503,0.8320724104787485
6,VIII,25,137,1.55336,28.40678630838816,0.8307258849634784
6,VIII,25,138,1.821,28.49168603913866,0.8332086861925652
6,VIII,25,139,1.84567,28.38042837950417,0.8299550757082446
6,VIII,25,140,1.85101,28.34404016230116,0.8288909414689805
6,VIII,25,141,1.547,28.47835426053933,0.8328188126794253
6,VIII,25,142,1.81818,28.32796015332772,0.8284206989170894
6,VIII,25,143,1.81981,28.34321576620077,0.828866832892508
6,VIII,25,144,1.5429,28.3224838301892,0.828260549742304
6,VIII,25,145,1.5432,28.31241701188446,0.8279661564781668
6,VIII,25,146,1.64366,28.29954737463382,0.8275897977912626
6,VIII,25,147,1.56261,28.39060605896777,0.8302527109876277
6,VIII,25,148,1.86194,28.32620579299547,0.8283693945377861
6,VIII,25,149,1.64415,28.32634266545336,0.8283733972254704
6,VIII,25,150,1.68284,28.27166944697766,0.8267745378082538
6,VIII,25,151,1.6356,29.23652748555346,0.8549907724522735
6,VIII,25,152,1.78817,29.24738136086313,0.855308182351233
6,VIII,25,153,1.80984,1.996874025132921e-05,5.839643117952032e-07
6,VIII,25,154,1.80511,29.18456583500729,0.8534712099200844
6,VIII,25,155,1.7214,28.26566239296057,0.8265988679802699
6,VIII,25,156,1.80471,29.25481251967216,0.8555254985907723
6,VIII,25,157,1.7908,29.18086434165819,0.8533629637318413
6,VIII,25,158,1.63177,29.09404265876123,0.8508239570812616
6,VIII,25,159,1.83358,29.14496829813411,0.8523132225819801
6,VIII,25,160,1.72716,28.97245251328572,0.8472681841717031
6,VIII,25,161,1.73214,29.04165448394364,0.8492919213059189
6,VIII,25,162,1.60445,29.17041267587363,0.8530573160174549
6,VIII,25,163,1.72372,29.09695835766498,0.850909223556878
6,VIII,25,164,1.59846,28.99892154041681,0.8480422423755734
6,VIII,25,165,1.60368,29.06296558520551,0.8499151415203817
6,VIII,25,166,1.62327,29.04107851005686,0.8492750775696505
6,VIII,25,167,1.80786,28.92375874545962,0.8458441873517039
6,VIII,25,168,1.62063,28.81282074338434,0.8425999249085829
6,VIII,25,169,1.64639,28.69409661568035,0.8391279656034119
6,VIII,25,170,1.7152,28.84353130805939,0.8434980223118036
6,VIII,25,171,1.67955,28.82756384921043,0.8430310711671399
6,VIII,25,172,1.72742,28.74596210059837,0.8406447158753305
6,VIII,25,173,1.75467,28.65302721258106,0.8379269351220263
6,VIII,25,174,1.65839,28.69670852677545,0.8392043481315995
6,VIII,25,175,1.66762,28.69119620805908,0.8390431463048901
6,VIII,25,176,1.66669,28.53978812888317,0.8346153800240248
6,VIII,25,177,1.7813,28.44484422421314,0.8318388477414691
6,VIII,25,178,1.9042,28.59597384559315,0.8362584708238603
6,VIII,25,179,1.84468,28.412776072353,0.8309010491624975
6,VIII,25,180,1.91106,28.51068513789002,0.8337642943825375
6,VIII,25,181,1.72529,28.50376087465289,0.8335618017583124
6,VIII,25,182,1.77085,28.33144704778411,0.8285226693917362
6,VIII,25,183,1.87901,28.28155587517784,0.8270636557579776
6,VIII,25,184,1.74521,28.16870592034221,0.8237634803146456
6,VIII,25,185,1.74644,27.99560461566574,0.8187013190073235
6,VIII,25,186,1.87863,27.98194717829491,0.818301921953991
6,VIII,25,187,1.81392,27.93787277924785,0.8170130136010673
6,VIII,25,188,1.92795,27.92160698990854,0.8165373381023735
6,VIII,25,189,1.9015,27.66805812242555,0.8091225744246147
6,VIII,25,190,1.94791,27.71319489555113,0.8104425507637921
6,VIII,25,191,1.74674,27.61492867094731,0.8075688608113344
6,VIII,25,192,1.98242,27.58031761227179,0.8065566976600507
6,VIII,25,193,1.97128,27.36671374436826,0.8003100824931887
6,VIII,25,194,1.91564,27.38532928007209,0.8008544737947513
6,VIII,25,195,1.78819,27.24622967843434,0.7967866556891015
6,VIII,25,196,1.86066,27.0812795711288,0.7919628673739215
6,VIII,25,197,2.00483,27.21130179563232,0.7957652273573074
6,VIII,25,198,1.99767,26.89156365823474,0.7864148297353227
6,VIII,25,199,1.81354,27.01215797915975,0.789941480827932
6,VIII,25,200,1.86963,26.99475233733977,0.7894324715705212
6,VIII,25,201,1.84634,26.76148727938148,0.7826108860662773
6,VIII,25,202,1.87158,26.55484736074841,0.7765679240989621
6,VIII,25,203,1.98916,26.36416650297824,0.770991667686249
6,VIII,25,204,2.01078,26.37681617552553,0.7713615937422015
6,VIII,25,205,1.94461,26.54286492204672,0.7762175105785302
6,VIII,25,206,2.02159,26.47011107841682,0.7740899027429301
6,VIII,25,207,2.01165,26.29671736237077,0.7690191901798927
6,VIII,25,208,1.82209,26.29356044503157,0.7689268695308094
6,VIII,25,209,1.84019,26.19437503187566,0.7660262988986755
6,VIII,25,210,1.83854,26.23654203864994,0.767259427617938
6,VIII,25,211,1.85547,26.18468245769735,0.7657428500011325
6,VIII,25,212,1.84496,19.21756149033187,0.5619968975928082
7,VIII,25,1,2.20704,33.85585398678361,1.0
7,VIII,25,2,2.08256,32.12987562232755,0.9490197953615399
7,VIII,25,3,1.94982,31.11647847413387,0.9190870945473976
7,VIII,25,4,2.10854,30.57457242936745,0.9030808214527072
7,VIII,25,5,2.0641,30.1227059023216,0.8897340446376178
7,VIII,25,6,2.1206,29.7824542199765,0.8796840343062311
7,VIII,25,7,2.1459,29.647885197332,0.8757092705121459
7,VIII,25,8,2.1424,29.52441235843826,0.8720622545797774
7,VIII,25,9,1.93114,1.49599978129069e-05,4.418732966755726e-07
7,VIII,25,10,2.02543,9.961764441596138e-06,2.9424053061798225e-07
7,VIII,25,11,1.99491,28.93465884004211,0.8546427111641433
7,VIII,25,12,2.11259,28.90802788976217,0.8538561130682767
7,VIII,25,13,2.04998,1.996230740017361e-05,5.896264618806055e-07
7,VIII,25,14,2.12917,9.961623297797308e-06,2.9423636165509375e-07
7,VIII,25,15,1.89179,1.496198315090603e-05,4.419319375829886e-07
7,VIII,25,16,1.9788,1.996322928534614e-05,5.896536915931654e-07
7,VIII,25,17,2.12181,28.54497478191201,0.8431326172736681
7,VIII,25,18,2.11173,1.496159320407444e-05,4.4192041972756124e-07
7,VIII,25,19,2.14445,9.960772196451824e-06,2.942112226836823e-07
7,VIII,25,20,1.90139,2.995997916327582e-05,8.849275866729391e-07
7,VIII,25,21,1.94219,28.5369696813552,0.8428961707034549
7,VIII,25,22,1.90888,1.496180555555556e-05,4.419266919510061e-07
7,VIII,25,23,2.13349,28.58258523733215,0.844243516896369
7,VIII,25,24,2.1438,28.56338166978491,0.8436763013254743
7,VIII,25,25,2.07083,28.5213413495448,0.8424345568325864
7,VIII,25,26,1.87644,4.961546156141493e-06,1.4654913617238377e-07
7,VIII,25,27,1.90541,4.961546156141493e-06,1.4654913617238377e-07
7,VIII,25,28,1.89652,28.51748519494988,0.8423206576352297
7,VIII,25,29,1.92371,4.96179453531901e-06,1.465564725455148e-07
7,VIII,25,30,1.86889,3.495920562744141e-05,1.0325896857036458e-06
7,VIII,25,31,1.86268,9.960595024956596e-06,2.942059895711075e-07
7,VIII,25,32,2.11994,4.961405012342665e-06,1.4654496720949531e-07
7,VIII,25,33,1.88469,28.58534446558249,0.8443250161919242
7,VIII,25,34,1.87697,4.961900922987196e-06,1.4655961491694126e-07
7,VIII,25,35,1.93131,2.496089511447483e-05,7.372696941633454e-07
7,VIII,25,36,1.9896,2.495983166164822e-05,7.37238282968489e-07
7,VIII,25,37,2.09723,2.495965491400825e-05,7.372330623753225e-07
7,VIII,25,38,2.09838,1.996032248602973e-05,5.895678334925974e-07
7,VIII,25,39,2.00322,28.56829242684637,0.843821350304696
7,VIII,25,40,1.83643,28.52810244104441,0.8426342591204757
7,VIII,25,41,1.94465,28.54991672152973,0.843278587291723
7,VIII,25,42,1.87151,28.5753466834287,0.8440297118065233
7,VIII,25,43,1.84543,2.995799424913194e-05,8.84868958284931e-07
7,VIII,25,44,1.93758,1.495971467759874e-05,4.418649337109795e-07
7,VIII,25,45,1.82711,28.52315534892671,0.8424881369130834
7,VIII,25,46,2.09497,28.53108850264018,0.8427224583901481
7,VIII,25,47,2.03493,28.49101982286133,0.8415389502206454
7,VIII,25,48,1.93295,9.961126539442272e-06,2.9422168890883155e-07
7,VIII,25,49,1.95402,28.54172016047715,0.8430364855548779
7,VIII,25,50,1.94394,28.57934721259819,0.8441478753941573
7,VIII,25,51,1.93407,28.48204509749201,0.8412738638526328
7,VIII,25,52,1.94879,28.59432855515702,0.8445903791503666
7,VIII,25,53,1.91399,28.54511777074789,0.8431368407333962
7,VIII,25,54,2.02012,28.50147448651703,0.8418477495101208
7,VIII,25,55,1.84315,28.54759239153291,0.8432099335812678
7,VIII,25,56,1.93874,9.960701836480035e-06,2.942091444619421e-07
7,VIII,25,57,2.05595,28.57960407136651,0.8441554622288718
7,VIII,25,58,1.88709,28.52093054162038,0.8424224228032814
7,VIII,25,59,2.06446,28.43564899041553,0.8399034625301735
7,VIII,25,60,1.87061,1.496230189005534e-05,4.4194135217786e-07
7,VIII,25,61,2.05181,28.429249917022,0.8397144531672424
7,VIII,25,62,1.87523,28.4542667203332,0.8404533742212192
7,VIII,25,63,1.84871,28.52796230987521,0.8426301200676178
7,VIII,25,64,1.88155,28.53821672691349,0.8429330046748791
7,VIII,25,65,1.87721,28.46011582520576,0.8406261391697816
7,VIII,25,66,1.89626,28.44148927901347,0.8400759670725259
7,VIII,25,67,2.05544,28.4532339129321,0.8404228681999709
7,VIII,25,68,1.97872,28.43233053727113,0.8398054454148559
7,VIII,25,69,1.85259,28.38830445287939,0.8385050474272898
7,VIII,25,70,2.01783,28.46896689871242,0.8408875732340386
7,VIII,25,71,2.00467,28.46621155360059,0.8408061886347045
7,VIII,25,72,2.02444,28.47486947874818,0.841061917677929
7,VIII,25,73,2.10434,28.47281137644339,0.8410011275319887
7,VIII,25,74,1.8649,28.4795239199029,0.8411993958569327
7,VIII,25,75,1.90804,28.52304714342069,0.8424849408482002
7,VIII,25,76,2.06543,28.49390485943979,0.8416241655154535
7,VIII,25,77,1.85946,28.41108772512114,0.8391779966977659
7,VIII,25,78,1.86645,28.37449636475079,0.838097198074738
7,VIII,25,79,1.86582,28.42345038409352,0.8395431524246664
7,VIII,25,80,1.98731,28.40877664086064,0.8391097342264839
7,VIII,25,81,1.96857,28.41795940484128,0.8393809654287518
7,VIII,25,82,1.89444,28.44823466534544,0.8402752054770453
7,VIII,25,83,2.00245,28.32202609214196,0.836547384189396
7,VIII,25,84,2.1263,28.42738515758386,0.839659373787503
7,VIII,25,85,2.05762,29.39650206030944,0.8682841694610636
7,VIII,25,86,2.13087,28.37847183384217,0.8382146214631108
7,VIII,25,87,1.89057,28.37772912328183,0.8381926840291701
7,VIII,25,88,1.88293,28.40909371059283,0.8391190995117996
7,VIII,25,89,1.90231,28.38331142273597,0.8383575683489194
7,VIII,25,90,2.07502,29.32332891131423,0.8661228549355526
7,VIII,25,91,1.89456,29.3614738323138,0.8672495410624026
7,VIII,25,92,2.12151,29.23640295140211,0.8635553237799051
7,VIII,25,93,1.93325,29.09481612401229,0.8593732751615157
7,VIII,25,94,2.18833,30.04203240521215,0.8873511924094348
7,VIII,25,95,2.07807,28.93012123259577,0.8545086839011443
7,VIII,25,96,2.16309,29.67869094468188,0.876619179544773
7,VIII,25,97,2.23121,29.29988668178231,0.8654304420505884
7,VIII,25,98,2.26507,28.61883757818853,0.8453143019036098
7,VIII,25,99,2.39516,28.1035194349736,0.8300933553749504
7,VIII,25,100,2.40869,27.41445984423828,0.8097406095542629
7,VIII,25,101,2.42357,25.88731978274016,0.7646334897606144
7,VIII,25,102,2.50591,25.53582594117473,0.7542514198916149
7,VIII,25,103,2.47145,25.33014660024784,0.7481762713808972
7,VIII,25,104,2.47379,25.07242181455776,0.7405638571204065
7,VIII,25,105,2.55103,25.19938135049732,0.7443138595864237
7,VIII,25,106,2.56982,24.79051356304418,0.7322371360864716
7,VIII,25,107,2.562,24.89036066901982,0.735186318996305
7,VIII,25,108,2.54862,24.44543599091024,0.7220445834995941
7,VIII,25,109,2.56074,24.480954989795,0.7230937077927997
7,VIII,25,110,2.53926,24.40555596493975,0.7208666475956272
7,VIII,25,111,2.49424,24.26497055279788,0.7167141777687916
7,VIII,25,112,2.50061,24.12885452084237,0.7126937199771008
7,VIII,25,113,2.55157,24.41140799620594,0.7210394989810472
7,VIII,25,114,2.53928,23.83856206739279,0.7041193548595379
7,VIII,25,115,2.57566,23.8782211427304,0.7052907645470057
7,VIII,25,116,2.51512,23.70017693490961,0.7000318746696363
7,VIII,25,117,2.54736,23.74258440408599,0.7012844636367596
7,VIII,25,118,2.51317,23.51415795702018,0.6945374340933612
7,VIII,25,119,2.55872,23.39226245452825,0.6909370079295576
7,VIII,25,120,2.57016,23.63149448943759,0.698003202006444
7,VIII,25,121,2.51953,23.44512082574477,0.6924982850793573
7,VIII,25,122,2.5363,23.28794360686449,0.687855743232927
7,VIII,25,123,2.58763,23.24044086659672,0.6864526552976377
7,VIII,25,124,2.58824,23.19654768718351,0.6851561829230125
7,VIII,25,125,2.53072,23.1160885075787,0.6827796609886899
7,VIII,25,126,2.59345,23.06930823124402,0.6813979124629271
7,VIII,25,127,2.53429,22.85872202315889,0.6751778298690178
7,VIII,25,128,2.59696,22.95019007883953,0.6778795208591888
7,VIII,25,129,2.54783,22.84490164997812,0.6747696176530104
7,VIII,25,130,2.59936,22.85815009790663,0.6751609369189099
7,VIII,25,131,2.54679,22.67340472576519,0.6697041148221003
7,VIII,25,132,2.59327,22.66163643576981,0.6693565149653673
7,VIII,25,133,2.56082,22.6765380914224,0.6697966650102726
7,VIII,25,134,2.55282,22.64771840005828,0.668945418092225
7,VIII,25,135,2.59828,22.44428845411648,0.6629367099373158
7,VIII,25,136,2.56002,22.42697988893243,0.6624254670311168
7,VIII,25,137,2.56943,22.72682132724273,0.671281880413197
7,VIII,25,138,2.56351,22.63633713313107,0.6686092497317502
7,VIII,25,139,2.57466,22.3850464939739,0.6611868807891363
7,VIII,25,140,2.59902,22.32273998338526,0.6593465340469463
8,VIII,25,1,2.27376,32.13206200745415,1.0
8,VIII,25,2,2.23271,30.38585001306151,0.9456551529750084
8,VIII,25,3,2.16904,29.61590228228308,0.9216931759752187
8,VIII,25,4,2.09526,29.17968781198402,0.9081174997488419
8,VIII,25,5,2.0781,28.86954700261857,0.898465432934907
8,VIII,25,6,2.27799,28.56747939643907,0.8890646168245239
8,VIII,25,7,2.05574,28.55158403815565,0.8885699284263834
8,VIII,25,8,2.06987,3.495950571695964e-05,1.0879944682308144e-06
8,VIII,25,9,2.17102,28.52763029609894,0.8878244505279793
8,VIII,25,10,2.04968,9.957335154215497e-06,3.0988783576682836e-07
8,VIII,25,11,2.11694,28.57525920742022,0.8893067367040184
8,VIII,25,12,2.0844,28.60699050284981,0.8902942642216184
8,VIII,25,13,2.21749,2.495782174004449e-05,7.767264277734387e-07
8,VIII,25,14,2.08839,4.956262800428602e-06,1.542466462089742e-07
8,VIII,25,15,2.00917,28.59102948292019,0.8897975323304027
8,VIII,25,16,2.10943,28.48448390470003,0.8864816673792072
8,VIII,25,17,2.03358,28.63804398635766,0.8912606971726267
8,VIII,25,18,2.17052,28.57580146869057,0.8893236127224395
8,VIII,25,19,2.06459,4.956192016601563e-06,1.5424444330562418e-07
8,VIII,25,20,2.01389,28.53805478596595,0.8881488769486862
8,VIII,25,21,1.97807,28.5434882093653,0.888317973578653
8,VIII,25,22,2.00183,28.55990030067269,0.8888287435162806
8,VIII,25,23,2.14593,28.56061155169943,0.8888508787600933
8,VIII,25,24,2.01035,28.50699149396517,0.8871821387420447
8,VIII,25,25,2.01651,28.57077984014598,0.8891673317920895
8,VIII,25,26,2.11083,28.55184716527155,0.8885781173535627
8,VIII,25,27,2.07288,9.95708719889323e-06,3.0988011900958415e-07
8,VIII,25,28,2.05393,9.957051595052085e-06,3.0987901096239013e-07
8,VIII,25,29,1.95215,28.59354590232185,0.8898758472359657
8,VIII,25,30,2.0275,6.496214421590168e-05,2.0217234798324316e-06
8,VIII,25,31,2.00099,30.77975993260317,0.9579142454493811
8,VIII,25,32,2.19028,28.51794469409854,0.8875230194527449
8,VIII,25,33,2.24204,28.41813052476554,0.8844166464689681
8,VIII,25,34,2.28011,28.42576577914108,0.8846542675209182
8,VIII,25,35,2.24447,28.28576764976668,0.8802973068832249
8,VIII,25,36,2.23591,25.82758635269036,0.8037948621753174
